{"loss": [1.2894928455352783, 0.4135521650314331, 0.24308718740940094, 0.16577808558940887, 0.12032244354486465, 0.09771398454904556, 0.08129442483186722, 0.06717484444379807, 0.05942832678556442, 0.050182193517684937], "accuracy": [0.6186553835868835, 0.8688119053840637, 0.9229258894920349, 0.9456441402435303, 0.9603675603866577, 0.9686895608901978, 0.9741663932800293, 0.9776800870895386, 0.9810373187065125, 0.9841954112052917], "val_loss": [0.6529271602630615, 0.28077811002731323, 0.18423014879226685, 0.1803123950958252, 0.17657217383384705, 0.15009747445583344, 0.13676658272743225, 0.13826678693294525, 0.11793558299541473, 0.08875110745429993], "val_accuracy": [0.7945026159286499, 0.9096289277076721, 0.9409287571907043, 0.9422945380210876, 0.9441725611686707, 0.9521966576576233, 0.9601069688796997, 0.958172082901001, 0.9636922478675842, 0.9730252623558044]}