{"loss": [1.4425272941589355, 0.4535423815250397, 0.27488407492637634, 0.19602374732494354, 0.13980130851268768, 0.11174269020557404, 0.09194829314947128, 0.076084665954113, 0.06565535813570023, 0.057322289794683456], "accuracy": [0.5757084488868713, 0.854500949382782, 0.9114459156990051, 0.9364544153213501, 0.9528849720954895, 0.9633265137672424, 0.9699556231498718, 0.9752190709114075, 0.9794440865516663, 0.9816490411758423], "val_loss": [0.666997492313385, 0.31925785541534424, 0.22011473774909973, 0.1958351731300354, 0.15418080985546112, 0.13591255247592926, 0.134102001786232, 0.1611059159040451, 0.10330893844366074, 0.14719431102275848], "val_accuracy": [0.7846004962921143, 0.8980764746665955, 0.9302868247032166, 0.9367175102233887, 0.9525381326675415, 0.9558388590812683, 0.9586273431777954, 0.9532210230827332, 0.969041645526886, 0.9572046399116516]}