{"loss": [1.3540958166122437, 0.4442891776561737, 0.2660064697265625, 0.18458937108516693, 0.1394023895263672, 0.10801311582326889, 0.08531664311885834, 0.07095066457986832, 0.06340233236551285, 0.056962959468364716], "accuracy": [0.6009246706962585, 0.8586955070495605, 0.9138060808181763, 0.9396258592605591, 0.9546909332275391, 0.9642364382743835, 0.9716196060180664, 0.9775944352149963, 0.9800839424133301, 0.9823315739631653], "val_loss": [0.5271470546722412, 0.25652065873146057, 0.21028882265090942, 0.14927054941654205, 0.18643397092819214, 0.13040202856063843, 0.12815925478935242, 0.12422685325145721, 0.11874430626630783, 0.12508413195610046], "val_accuracy": [0.8330867290496826, 0.9160027503967285, 0.9315388202667236, 0.9518552422523499, 0.9418392777442932, 0.958285927772522, 0.9609606266021729, 0.963862955570221, 0.9646027684211731, 0.9651718735694885]}