{"loss": [1.3307100534439087, 0.42601683735847473, 0.2580741047859192, 0.1804913729429245, 0.13578350841999054, 0.10866812616586685, 0.08518434315919876, 0.07115788757801056, 0.06219543144106865, 0.05697241425514221], "accuracy": [0.6086492538452148, 0.865922212600708, 0.9162814021110535, 0.9413898587226868, 0.9554022550582886, 0.9643502235412598, 0.9711785912513733, 0.9767977595329285, 0.9796002507209778, 0.9816345572471619], "val_loss": [0.543607771396637, 0.24725434184074402, 0.2505597770214081, 0.17065493762493134, 0.1305733621120453, 0.12654875218868256, 0.14450472593307495, 0.13404984772205353, 0.14526526629924774, 0.12959134578704834], "val_accuracy": [0.833541989326477, 0.9204985499382019, 0.9201001524925232, 0.946790337562561, 0.9578875303268433, 0.9587411880493164, 0.9557819366455078, 0.9586842656135559, 0.9576029777526855, 0.9619280695915222]}