{"loss": [1.42606520652771, 0.45302045345306396, 0.27088457345962524, 0.1901337057352066, 0.1413484662771225, 0.10980232805013657, 0.0908874124288559, 0.07466038316488266, 0.06323930621147156, 0.05617096647620201], "accuracy": [0.5802972912788391, 0.8563767075538635, 0.9128530025482178, 0.9376627206802368, 0.953311026096344, 0.9639376997947693, 0.96986985206604, 0.9756597280502319, 0.9786471128463745, 0.9817483425140381], "val_loss": [0.5307329297065735, 0.2860923409461975, 0.18801572918891907, 0.1765008270740509, 0.24788030982017517, 0.15034766495227814, 0.16766628623008728, 0.10530901700258255, 0.19196553528308868, 0.13296997547149658], "val_accuracy": [0.8285909295082092, 0.9069542288780212, 0.9372296929359436, 0.9428067207336426, 0.9220350384712219, 0.9517413973808289, 0.9462781548500061, 0.9683587551116943, 0.9441725611686707, 0.9625540375709534]}